track,artists,album,track
Wind Whispers,Mari Sainio,Tales,VHJhY2ssRklSQU4xNzAwMDQ3LDAv
Window Gazer,Holographic Field,Window Gazer,VHJhY2ssRlJYODcxNTc4OTM2LDAv
Dorsal,Bing & Ruth,Dorsal,VHJhY2ssR0JBRkwxNzAwMzU1LDAv
Secret Room,Federico Albanese,The Houseboat and the Moon,VHJhY2ssREVSSzkxNDE5MzEwLDAv
Dreaming Of Winter,Rudy Adrian,"Adrian, Rudy: The Healing Lake",VHJhY2ssSEtDODMwMDA0NzA4LDAv
Kanta's Theme,Chris Walla,Tape Loops,VHJhY2ssUU1TWlkxNDAwMDgyLDAv
Skin on Skin,Dirk Maassen,The Sitting Room Piano (Chapter II),VHJhY2ssVENBQlkxNDE0NzU5LDAv
Tantra Loom,Advaitas,Tantra Loom,VHJhY2ssU0U1SUIxNjAwNTM0LDAv
Mount Kailas,Enzo Electronic,ENZO,VHJhY2ssU0U1SUIxODAwNTEwLDAv
In Everything Was Given,Helios,Moiety,VHJhY2ssVENBQlgxNDQ4MzM0LDAv
