title,artists,album,track
Bitter End,Young & Sick,Bitter End,VHJhY2ssR0JLUEwxODMzMTM3LDAv
Sprinkles,Jengi,Sprinkles,VHJhY2ssR0IyTEQxNzAwMjcwLDAv
Momento,Gigamesh,Time Travel,VHJhY2ssVVNWQ1kxNjAwMDY2LDAv
Supernatural - Pomo Remix,"AlunaGeorge,Pomo",Supernatural (Remixes),VHJhY2ssR0JVTTcxNDA2NzA3LDAv
Walls to Build - Mall Grab Remix,"Kllo,Mall Grab",Walls to Build Remix,VHJhY2ssVVMySjcxNjA4OTAxLDAv
Work This City,Body Language,Speaks,VHJhY2ssVVNJNFIwOTAzNjE3LDAv
Hold Tight,Moods,Sincere - Single,VHJhY2ssR0JGQkMxNDAxMjM4LDAv
Slow Love - Alan Braxe Remix,"Gigamesh,Alan Braxe",Time Travel Remixes,VHJhY2ssVVNWQ1kxNjAwMDY4LDAv
U There,"Penthouse Penthouse,Bobby Saint",Upload - EP,VHJhY2ssUU1GTUYxNTExNDE1LDAv
Tender Love,Christian Rich,Tender Love,VHJhY2ssVVNMRDkxNzEwODUxLDAv
